sample_repo_name,sample_path,,,Links,
stefan-contiu/ml-crops,RandomForest/dt_ml_RandomForest.py,,,https://github.com/stefan-contiu/ml-crops/blob/master/RandomForest/dt_ml_RandomForest.py,https://github.com/stefan-contiu/ml-crops/blob/master/RandomForest/dt_ml_RandomForest.py
SuperSaiyanSSS/SinaWeiboSpider,ml/random_forest.py,,,https://github.com/SuperSaiyanSSS/SinaWeiboSpider/blob/master/ml/random_forest.py,https://github.com/SuperSaiyanSSS/SinaWeiboSpider/blob/master/ml/random_forest.py
octopicorn/bcikit,lib/classifiers/CSPEstimator.py,,,https://github.com/octopicorn/bcikit/blob/master/lib/classifiers/CSPEstimator.py,https://github.com/octopicorn/bcikit/blob/master/lib/classifiers/CSPEstimator.py
zfkl/sentiment-analysis,sentimentTwitter.py,,,https://github.com/zfkl/sentiment-analysis/blob/master/sentimentTwitter.py,https://github.com/zfkl/sentiment-analysis/blob/master/sentimentTwitter.py
dbftdiyoeywga/bards,bards/ensembling.py,,,https://github.com/dbftdiyoeywga/bards/blob/master/bards/ensembling.py,https://github.com/dbftdiyoeywga/bards/blob/master/bards/ensembling.py
Nathx/parental_advisory_ml,code/feature_blending.py,,,https://github.com/Nathx/parental_advisory_ml/blob/master/code/feature_blending.py,https://github.com/Nathx/parental_advisory_ml/blob/master/code/feature_blending.py
rbharath/deepchem,deepchem/models/tests/test_overfit.py,,,https://github.com/rbharath/deepchem/blob/master/deepchem/models/tests/test_overfit.py,https://github.com/rbharath/deepchem/blob/master/deepchem/models/tests/test_overfit.py
rmonat/princess-or-frog,src/exps.py,,,https://github.com/rmonat/princess-or-frog/blob/master/src/exps.py,https://github.com/rmonat/princess-or-frog/blob/master/src/exps.py
yandex/rep,tests/test_factory_clf.py,,,https://github.com/yandex/rep/blob/master/tests/test_factory_clf.py,https://github.com/yandex/rep/blob/master/tests/test_factory_clf.py
jdurbin/sandbox,python/scikitlearn/survivaltest/scripts/kaggleinspired_nowmitAttributeSel.py,,,https://github.com/jdurbin/sandbox/blob/master/python/scikitlearn/survivaltest/scripts/kaggleinspired_nowmitAttributeSel.py,https://github.com/jdurbin/sandbox/blob/master/python/scikitlearn/survivaltest/scripts/kaggleinspired_nowmitAttributeSel.py
yueranyuan/vector_edu,learntools/emotiv/ensemble.py,,,https://github.com/yueranyuan/vector_edu/blob/master/learntools/emotiv/ensemble.py,https://github.com/yueranyuan/vector_edu/blob/master/learntools/emotiv/ensemble.py
andygoldschmidt/iris-webapp,iris-server/ml/classification.py,,,https://github.com/andygoldschmidt/iris-webapp/blob/master/iris-server/ml/classification.py,https://github.com/andygoldschmidt/iris-webapp/blob/master/iris-server/ml/classification.py
fridiculous/estimators,tests/test_estimators.py,,,https://github.com/fridiculous/estimators/blob/master/tests/test_estimators.py,https://github.com/fridiculous/estimators/blob/master/tests/test_estimators.py
gusseppe/pymach,pymach/evaluate.py,,,https://github.com/gusseppe/pymach/blob/master/pymach/evaluate.py,https://github.com/gusseppe/pymach/blob/master/pymach/evaluate.py
EdisonCodeKeeper/hacker-rank,practice/ai/machine-learning/quora-answer-classifier/quora-answer-classifier.py,,,https://github.com/EdisonCodeKeeper/hacker-rank/blob/master/practice/ai/machine-learning/quora-answer-classifier/quora-answer-classifier.py,https://github.com/EdisonCodeKeeper/hacker-rank/blob/master/practice/ai/machine-learning/quora-answer-classifier/quora-answer-classifier.py
BridgitD/school-dropout-predictions,pipeline/mcps_pipeline.py,,,https://github.com/BridgitD/school-dropout-predictions/blob/master/pipeline/mcps_pipeline.py,https://github.com/BridgitD/school-dropout-predictions/blob/master/pipeline/mcps_pipeline.py
fberanizo/author-profiling,tests/test_religiousity.py,,,https://github.com/fberanizo/author-profiling/blob/master/tests/test_religiousity.py,https://github.com/fberanizo/author-profiling/blob/master/tests/test_religiousity.py
ricsoncheng/sarcasm_machine,baseline_t.py,,,https://github.com/ricsoncheng/sarcasm_machine/blob/master/baseline_t.py,https://github.com/ricsoncheng/sarcasm_machine/blob/master/baseline_t.py
siddharthhparikh/INFM750-project,boosted_randomF.py,,,https://github.com/siddharthhparikh/INFM750-project/blob/master/boosted_randomF.py,https://github.com/siddharthhparikh/INFM750-project/blob/master/boosted_randomF.py
liboyin/horc,src/classifier_daisy.py,,,https://github.com/liboyin/horc/blob/master/src/classifier_daisy.py,https://github.com/liboyin/horc/blob/master/src/classifier_daisy.py
bahmanh/DocumentClassification,classification.py,,,https://github.com/bahmanh/DocumentClassification/blob/master/classification.py,https://github.com/bahmanh/DocumentClassification/blob/master/classification.py
Valay/cifar-10,example/random_forest.py,,,https://github.com/Valay/cifar-10/blob/master/example/random_forest.py,https://github.com/Valay/cifar-10/blob/master/example/random_forest.py
kosigz/DiabetesPatientReadmissionClassifier,classifier/VoteClassifier.py,,,https://github.com/kosigz/DiabetesPatientReadmissionClassifier/blob/master/classifier/VoteClassifier.py,https://github.com/kosigz/DiabetesPatientReadmissionClassifier/blob/master/classifier/VoteClassifier.py
peret/visualize-bovw,runGridSearch.py,,,https://github.com/peret/visualize-bovw/blob/master/runGridSearch.py,https://github.com/peret/visualize-bovw/blob/master/runGridSearch.py
daniaki/ppi_wrangler,interactome_predict.py,,,https://github.com/daniaki/ppi_wrangler/blob/master/interactome_predict.py,https://github.com/daniaki/ppi_wrangler/blob/master/interactome_predict.py
franblas/eegChallenge,src/models.py,,,https://github.com/franblas/eegChallenge/blob/master/src/models.py,https://github.com/franblas/eegChallenge/blob/master/src/models.py
reiinakano/scikit-plot,scikitplot/plotters.py,,,https://github.com/reiinakano/scikit-plot/blob/master/scikitplot/plotters.py,https://github.com/reiinakano/scikit-plot/blob/master/scikitplot/plotters.py
mfilippo/CitationExtractor,citation_extractor/core.py,,,https://github.com/mfilippo/CitationExtractor/blob/master/citation_extractor/core.py,https://github.com/mfilippo/CitationExtractor/blob/master/citation_extractor/core.py
Speedml/speedml,speedml/model.py,,,https://github.com/Speedml/speedml/blob/master/speedml/model.py,https://github.com/Speedml/speedml/blob/master/speedml/model.py
marcusangeloni/smc2016,processing/classification.py,,,https://github.com/marcusangeloni/smc2016/blob/master/processing/classification.py,https://github.com/marcusangeloni/smc2016/blob/master/processing/classification.py
vkuznet/rep,tests/test_reports.py,,,https://github.com/vkuznet/rep/blob/master/tests/test_reports.py,https://github.com/vkuznet/rep/blob/master/tests/test_reports.py
chaluemwut/filter01,filter01.py,,,https://github.com/chaluemwut/filter01/blob/master/filter01.py,https://github.com/chaluemwut/filter01/blob/master/filter01.py
etamponi/emetrics,emetrics/evaluation/manual_experiment.py,,,https://github.com/etamponi/emetrics/blob/master/emetrics/evaluation/manual_experiment.py,https://github.com/etamponi/emetrics/blob/master/emetrics/evaluation/manual_experiment.py
chaluemwut/filter01,filter_range.py,,,https://github.com/chaluemwut/filter01/blob/master/filter_range.py,https://github.com/chaluemwut/filter01/blob/master/filter_range.py
PTSD-Syntaxing/PTSD_Syntax,Reddit/reddit_analysis.py,,,https://github.com/PTSD-Syntaxing/PTSD_Syntax/blob/master/Reddit/reddit_analysis.py,https://github.com/PTSD-Syntaxing/PTSD_Syntax/blob/master/Reddit/reddit_analysis.py
ducminhkhoi/PrecipitationPrediction,main.py,,,https://github.com/ducminhkhoi/PrecipitationPrediction/blob/master/main.py,https://github.com/ducminhkhoi/PrecipitationPrediction/blob/master/main.py
ssaamm/sign-language-translator,score_classifiers.py,,,https://github.com/ssaamm/sign-language-translator/blob/master/score_classifiers.py,https://github.com/ssaamm/sign-language-translator/blob/master/score_classifiers.py
mrahim/adni_petmr_analysis,rf_fmri.py,,,https://github.com/mrahim/adni_petmr_analysis/blob/master/rf_fmri.py,https://github.com/mrahim/adni_petmr_analysis/blob/master/rf_fmri.py
nejumi/tools_for_kaggle,semi_supervised_learner.py,,,https://github.com/nejumi/tools_for_kaggle/blob/master/semi_supervised_learner.py,https://github.com/nejumi/tools_for_kaggle/blob/master/semi_supervised_learner.py
scikit-learn-contrib/imbalanced-learn,imblearn/under_sampling/prototype_selection/instance_hardness_threshold.py,,,https://github.com/scikit-learn-contrib/imbalanced-learn/blob/master/imblearn/under_sampling/prototype_selection/instance_hardness_threshold.py,https://github.com/scikit-learn-contrib/imbalanced-learn/blob/master/imblearn/under_sampling/prototype_selection/instance_hardness_threshold.py
M-R-Houghton/euroscipy_2015,modelling/visplots.py,,,https://github.com/M-R-Houghton/euroscipy_2015/blob/master/modelling/visplots.py,https://github.com/M-R-Houghton/euroscipy_2015/blob/master/modelling/visplots.py
guptachetan1997/Episodes,tvshow/utils/recommender.py,,,https://github.com/guptachetan1997/Episodes/blob/master/tvshow/utils/recommender.py,https://github.com/guptachetan1997/Episodes/blob/master/tvshow/utils/recommender.py
ClimbsRocks/auto_ml,auto_ml/utils_models.py,,,https://github.com/ClimbsRocks/auto_ml/blob/master/auto_ml/utils_models.py,https://github.com/ClimbsRocks/auto_ml/blob/master/auto_ml/utils_models.py
jrouly/stackmining,code/classifier.py,,,https://github.com/jrouly/stackmining/blob/master/code/classifier.py,https://github.com/jrouly/stackmining/blob/master/code/classifier.py
alfredolainez/deep-nlp,classic_classification.py,,,https://github.com/alfredolainez/deep-nlp/blob/master/classic_classification.py,https://github.com/alfredolainez/deep-nlp/blob/master/classic_classification.py
z01nl1o02/tests,class_help/a_rf.py,,,https://github.com/z01nl1o02/tests/blob/master/class_help/a_rf.py,https://github.com/z01nl1o02/tests/blob/master/class_help/a_rf.py
kbuschme/irony-detection,src/machineLearning.py,,,https://github.com/kbuschme/irony-detection/blob/master/src/machineLearning.py,https://github.com/kbuschme/irony-detection/blob/master/src/machineLearning.py
donlnz/nonconformist,examples/confidence_credibility.py,,,https://github.com/donlnz/nonconformist/blob/master/examples/confidence_credibility.py,https://github.com/donlnz/nonconformist/blob/master/examples/confidence_credibility.py
datamindedbe/train-occupancy,delay/model.py,,,https://github.com/datamindedbe/train-occupancy/blob/master/delay/model.py,https://github.com/datamindedbe/train-occupancy/blob/master/delay/model.py
fberanizo/author-profiling,tests/test_ti.py,,,https://github.com/fberanizo/author-profiling/blob/master/tests/test_ti.py,https://github.com/fberanizo/author-profiling/blob/master/tests/test_ti.py
bowenliu16/deepchem,deepchem/models/tests/test_reload.py,,,https://github.com/bowenliu16/deepchem/blob/master/deepchem/models/tests/test_reload.py,https://github.com/bowenliu16/deepchem/blob/master/deepchem/models/tests/test_reload.py
aufziehvogel/kaggle,otto/use_decision_forest.py,,,https://github.com/aufziehvogel/kaggle/blob/master/otto/use_decision_forest.py,https://github.com/aufziehvogel/kaggle/blob/master/otto/use_decision_forest.py
del680202/MachineLearning-memo,src/kaggle/titanic/my_second_kaggle.py,,,https://github.com/del680202/MachineLearning-memo/blob/master/src/kaggle/titanic/my_second_kaggle.py,https://github.com/del680202/MachineLearning-memo/blob/master/src/kaggle/titanic/my_second_kaggle.py
rluch/InfoMine,infomine/gender_classifier.py,,,https://github.com/rluch/InfoMine/blob/master/infomine/gender_classifier.py,https://github.com/rluch/InfoMine/blob/master/infomine/gender_classifier.py
AlchemicalChest/Gaussian-Process-with-Stochastic-Variational-Inference,GPSVI/test/plotdecisionboundary.py,,,https://github.com/AlchemicalChest/Gaussian-Process-with-Stochastic-Variational-Inference/blob/master/GPSVI/test/plotdecisionboundary.py,https://github.com/AlchemicalChest/Gaussian-Process-with-Stochastic-Variational-Inference/blob/master/GPSVI/test/plotdecisionboundary.py
tgsmith61591/skutil,skutil/preprocessing/tests/test_impute.py,,,https://github.com/tgsmith61591/skutil/blob/master/skutil/preprocessing/tests/test_impute.py,https://github.com/tgsmith61591/skutil/blob/master/skutil/preprocessing/tests/test_impute.py
Ambiruptor/Ambiruptor,tests/test.py,,,https://github.com/Ambiruptor/Ambiruptor/blob/master/tests/test.py,https://github.com/Ambiruptor/Ambiruptor/blob/master/tests/test.py
ianozsvald/featherweight_web_api,example_iris.py,,,https://github.com/ianozsvald/featherweight_web_api/blob/master/example_iris.py,https://github.com/ianozsvald/featherweight_web_api/blob/master/example_iris.py
deepchem/deepchem,deepchem/models/tests/test_overfit.py,,,https://github.com/deepchem/deepchem/blob/master/deepchem/models/tests/test_overfit.py,https://github.com/deepchem/deepchem/blob/master/deepchem/models/tests/test_overfit.py
AhmetHamzaEmra/Machine-Learning-,random forest/ClassifyNB.py,,,https://github.com/AhmetHamzaEmra/Machine-Learning-/blob/master/random forest/ClassifyNB.py,https://github.com/AhmetHamzaEmra/Machine-Learning-/blob/master/random forest/ClassifyNB.py
jrabenoit/marvin,estimators.py,,,https://github.com/jrabenoit/marvin/blob/master/estimators.py,https://github.com/jrabenoit/marvin/blob/master/estimators.py
dz1984/Kaggle,DigitRecognizer/recongizer3.py,,,https://github.com/dz1984/Kaggle/blob/master/DigitRecognizer/recongizer3.py,https://github.com/dz1984/Kaggle/blob/master/DigitRecognizer/recongizer3.py
cycomachead/info290,lab6/michael_subm_1_2.py,,,https://github.com/cycomachead/info290/blob/master/lab6/michael_subm_1_2.py,https://github.com/cycomachead/info290/blob/master/lab6/michael_subm_1_2.py
vimilimiv/weibo-popularity_judge-and-content_optimization,åˆ†ç±»å’Œå›_å_’/newcla.py,,,https://github.com/vimilimiv/weibo-popularity_judge-and-content_optimization/blob/master/åˆ†ç±»å’Œå›_å_’/newcla.py,https://github.com/vimilimiv/weibo-popularity_judge-and-content_optimization/blob/master/åˆ†ç±»å’Œå›_å_’/newcla.py
edublancas/sklearn-evaluation,examples/roc.py,,,https://github.com/edublancas/sklearn-evaluation/blob/master/examples/roc.py,https://github.com/edublancas/sklearn-evaluation/blob/master/examples/roc.py
edublancas/sklearn-evaluation,sklearn_evaluation/tests/test_report.py,,,https://github.com/edublancas/sklearn-evaluation/blob/master/sklearn_evaluation/tests/test_report.py,https://github.com/edublancas/sklearn-evaluation/blob/master/sklearn_evaluation/tests/test_report.py
samfu1994/cs838webpage,code/train_and_test.py,,,https://github.com/samfu1994/cs838webpage/blob/master/code/train_and_test.py,https://github.com/samfu1994/cs838webpage/blob/master/code/train_and_test.py
deepankgupta/cs229_project,src/classification.py,,,https://github.com/deepankgupta/cs229_project/blob/master/src/classification.py,https://github.com/deepankgupta/cs229_project/blob/master/src/classification.py
DrigerG/MachineLearning,project/CharRec/tmp1.py,,,https://github.com/DrigerG/MachineLearning/blob/master/project/CharRec/tmp1.py,https://github.com/DrigerG/MachineLearning/blob/master/project/CharRec/tmp1.py
edublancas/sklearn-evaluation,examples/simple.py,,,https://github.com/edublancas/sklearn-evaluation/blob/master/examples/simple.py,https://github.com/edublancas/sklearn-evaluation/blob/master/examples/simple.py
leroyjvargis/ATI-ML,ATI_ML.py,,,https://github.com/leroyjvargis/ATI-ML/blob/master/ATI_ML.py,https://github.com/leroyjvargis/ATI-ML/blob/master/ATI_ML.py
ybayle/ISMIR2017,src/classify.py,,,https://github.com/ybayle/ISMIR2017/blob/master/src/classify.py,https://github.com/ybayle/ISMIR2017/blob/master/src/classify.py
yw374cornell/e-mission-server,emission/analysis/classification/inference/mode.py,,,https://github.com/yw374cornell/e-mission-server/blob/master/emission/analysis/classification/inference/mode.py,https://github.com/yw374cornell/e-mission-server/blob/master/emission/analysis/classification/inference/mode.py
peret/visualize-bovw,runEvaluation.py,,,https://github.com/peret/visualize-bovw/blob/master/runEvaluation.py,https://github.com/peret/visualize-bovw/blob/master/runEvaluation.py
linucks/textclass,feature_selection.py,,,https://github.com/linucks/textclass/blob/master/feature_selection.py,https://github.com/linucks/textclass/blob/master/feature_selection.py
jpbonson/VisualizationToolForMLData,app/models/feature_filtering.py,,,https://github.com/jpbonson/VisualizationToolForMLData/blob/master/app/models/feature_filtering.py,https://github.com/jpbonson/VisualizationToolForMLData/blob/master/app/models/feature_filtering.py
taynaud/sparkit-learn,splearn/ensemble/tests/__init__.py,,,https://github.com/taynaud/sparkit-learn/blob/master/splearn/ensemble/tests/__init__.py,https://github.com/taynaud/sparkit-learn/blob/master/splearn/ensemble/tests/__init__.py
e-mission/e-mission-server,emission/analysis/classification/inference/mode.py,,,https://github.com/e-mission/e-mission-server/blob/master/emission/analysis/classification/inference/mode.py,https://github.com/e-mission/e-mission-server/blob/master/emission/analysis/classification/inference/mode.py
osgee/redigit,redigit/clf.py,,,https://github.com/osgee/redigit/blob/master/redigit/clf.py,https://github.com/osgee/redigit/blob/master/redigit/clf.py
danielhomola/boruta_py,boruta/test/unit_tests.py,,,https://github.com/danielhomola/boruta_py/blob/master/boruta/test/unit_tests.py,https://github.com/danielhomola/boruta_py/blob/master/boruta/test/unit_tests.py
fridiculous/estimators,tests/factories.py,,,https://github.com/fridiculous/estimators/blob/master/tests/factories.py,https://github.com/fridiculous/estimators/blob/master/tests/factories.py
mickaellegal/HackerRank,dota_2/dota2.py,,,https://github.com/mickaellegal/HackerRank/blob/master/dota_2/dota2.py,https://github.com/mickaellegal/HackerRank/blob/master/dota_2/dota2.py
tgensol/projet,starting kit/python/minimal_preprocessed.py,,,https://github.com/tgensol/projet/blob/master/starting kit/python/minimal_preprocessed.py,https://github.com/tgensol/projet/blob/master/starting kit/python/minimal_preprocessed.py
stevedicristofaro/toy_trainer,toy_train/trainer_utils.py,,,https://github.com/stevedicristofaro/toy_trainer/blob/master/toy_train/trainer_utils.py,https://github.com/stevedicristofaro/toy_trainer/blob/master/toy_train/trainer_utils.py
cocoaaa/ml_gesture,simpleBatch.py,,,https://github.com/cocoaaa/ml_gesture/blob/master/simpleBatch.py,https://github.com/cocoaaa/ml_gesture/blob/master/simpleBatch.py
quoniammm/happy-machine-learning,kaggle/test.py,,,https://github.com/quoniammm/happy-machine-learning/blob/master/kaggle/test.py,https://github.com/quoniammm/happy-machine-learning/blob/master/kaggle/test.py
JFriel/honours_project,randomForest.py,,,https://github.com/JFriel/honours_project/blob/master/randomForest.py,https://github.com/JFriel/honours_project/blob/master/randomForest.py
james-jz-zheng/jjzz,ml/stock_prediction.py,,,https://github.com/james-jz-zheng/jjzz/blob/master/ml/stock_prediction.py,https://github.com/james-jz-zheng/jjzz/blob/master/ml/stock_prediction.py
belkhir-nacim/smac_python,examples/sklearn_example_advanced_crossvalidation.py,,,https://github.com/belkhir-nacim/smac_python/blob/master/examples/sklearn_example_advanced_crossvalidation.py,https://github.com/belkhir-nacim/smac_python/blob/master/examples/sklearn_example_advanced_crossvalidation.py
cycomachead/info290,lab6/exploring.py,,,https://github.com/cycomachead/info290/blob/master/lab6/exploring.py,https://github.com/cycomachead/info290/blob/master/lab6/exploring.py
alexf101/indoor-tracking,FingerprintsREST/views/MatchLocation/predictors.py,,,https://github.com/alexf101/indoor-tracking/blob/master/FingerprintsREST/views/MatchLocation/predictors.py,https://github.com/alexf101/indoor-tracking/blob/master/FingerprintsREST/views/MatchLocation/predictors.py
jjerphan/SY32FacialRecognition,tests.py,,,https://github.com/jjerphan/SY32FacialRecognition/blob/master/tests.py,https://github.com/jjerphan/SY32FacialRecognition/blob/master/tests.py
mdeff/cnn_graph,lib/utils.py,,,https://github.com/mdeff/cnn_graph/blob/master/lib/utils.py,https://github.com/mdeff/cnn_graph/blob/master/lib/utils.py
gavinmh/entailment-api,classifiers/lexent_classifier_sub.py,,,https://github.com/gavinmh/entailment-api/blob/master/classifiers/lexent_classifier_sub.py,https://github.com/gavinmh/entailment-api/blob/master/classifiers/lexent_classifier_sub.py
ChristianSch/skml,examples/example_ecc.py,,,https://github.com/ChristianSch/skml/blob/master/examples/example_ecc.py,https://github.com/ChristianSch/skml/blob/master/examples/example_ecc.py
ChristianSch/skml,doc/auto_examples/example_cc.py,,,https://github.com/ChristianSch/skml/blob/master/doc/auto_examples/example_cc.py,https://github.com/ChristianSch/skml/blob/master/doc/auto_examples/example_cc.py
ijmarshall/cochrane-nlp,bilearn.py,,,https://github.com/ijmarshall/cochrane-nlp/blob/master/bilearn.py,https://github.com/ijmarshall/cochrane-nlp/blob/master/bilearn.py
AlvarBer/Persimmon,persimmon/view/blocks/randomforestblock.py,,,https://github.com/AlvarBer/Persimmon/blob/master/persimmon/view/blocks/randomforestblock.py,https://github.com/AlvarBer/Persimmon/blob/master/persimmon/view/blocks/randomforestblock.py
algomaus/PAEC,src/python/blackbox_kmer.py,,,https://github.com/algomaus/PAEC/blob/master/src/python/blackbox_kmer.py,https://github.com/algomaus/PAEC/blob/master/src/python/blackbox_kmer.py
vimilimiv/weibo-popularity_judge-and-content_optimization,åˆ†ç±»å’Œå›_å_’/svm.py,,,https://github.com/vimilimiv/weibo-popularity_judge-and-content_optimization/blob/master/åˆ†ç±»å’Œå›_å_’/svm.py,https://github.com/vimilimiv/weibo-popularity_judge-and-content_optimization/blob/master/åˆ†ç±»å’Œå›_å_’/svm.py
Rafaelahelbing/psychoPYTHON,models.py,,,https://github.com/Rafaelahelbing/psychoPYTHON/blob/master/models.py,https://github.com/Rafaelahelbing/psychoPYTHON/blob/master/models.py
stefanbuenten/nanodegree,p5/choose_your_own/your_algorithm.py,,,https://github.com/stefanbuenten/nanodegree/blob/master/p5/choose_your_own/your_algorithm.py,https://github.com/stefanbuenten/nanodegree/blob/master/p5/choose_your_own/your_algorithm.py
timestocome/titanic-windows,CrossValidate.py,,,https://github.com/timestocome/titanic-windows/blob/master/CrossValidate.py,https://github.com/timestocome/titanic-windows/blob/master/CrossValidate.py
valisc/reverse-game-of-life,reverse_game_of_life/classifier/global_classifier.py,,,https://github.com/valisc/reverse-game-of-life/blob/master/reverse_game_of_life/classifier/global_classifier.py,https://github.com/valisc/reverse-game-of-life/blob/master/reverse_game_of_life/classifier/global_classifier.py
Skobnikoff/Datasets,Kagle_Titanic_Python/Decision_tree.py,,,https://github.com/Skobnikoff/Datasets/blob/master/Kagle_Titanic_Python/Decision_tree.py,https://github.com/Skobnikoff/Datasets/blob/master/Kagle_Titanic_Python/Decision_tree.py
lmc2179/chevrons,chevrons/tests/tests.py,,,https://github.com/lmc2179/chevrons/blob/master/chevrons/tests/tests.py,https://github.com/lmc2179/chevrons/blob/master/chevrons/tests/tests.py
arosh/ml,adult/ml.py,,,https://github.com/arosh/ml/blob/master/adult/ml.py,https://github.com/arosh/ml/blob/master/adult/ml.py
sfalkner/pySMAC,examples/sklearn_model_selection.py,,,https://github.com/sfalkner/pySMAC/blob/master/examples/sklearn_model_selection.py,https://github.com/sfalkner/pySMAC/blob/master/examples/sklearn_model_selection.py
samfu1994/cs838webpage,train_and_test.py,,,https://github.com/samfu1994/cs838webpage/blob/master/train_and_test.py,https://github.com/samfu1994/cs838webpage/blob/master/train_and_test.py
valisc/reverse-game-of-life,reverse_game_of_life/classifier/local_classifier.py,,,https://github.com/valisc/reverse-game-of-life/blob/master/reverse_game_of_life/classifier/local_classifier.py,https://github.com/valisc/reverse-game-of-life/blob/master/reverse_game_of_life/classifier/local_classifier.py
reiinakano/scikit-plot,examples/plot_learning_curve.py,,,https://github.com/reiinakano/scikit-plot/blob/master/examples/plot_learning_curve.py,https://github.com/reiinakano/scikit-plot/blob/master/examples/plot_learning_curve.py
janelia-flyem/gala,gala/classify.py,,,https://github.com/janelia-flyem/gala/blob/master/gala/classify.py,https://github.com/janelia-flyem/gala/blob/master/gala/classify.py
marcsans/cnn-physics-perception,phy/lib/python2.7/site-packages/sklearn/feature_selection/tests/test_from_model.py,,,https://github.com/marcsans/cnn-physics-perception/blob/master/phy/lib/python2.7/site-packages/sklearn/feature_selection/tests/test_from_model.py,https://github.com/marcsans/cnn-physics-perception/blob/master/phy/lib/python2.7/site-packages/sklearn/feature_selection/tests/test_from_model.py
jrabenoit/skellify,mltools.py,,,https://github.com/jrabenoit/skellify/blob/master/mltools.py,https://github.com/jrabenoit/skellify/blob/master/mltools.py
hitlonewind/PR-experiment,Classifrer/RandomForesr.py,,,https://github.com/hitlonewind/PR-experiment/blob/master/Classifrer/RandomForesr.py,https://github.com/hitlonewind/PR-experiment/blob/master/Classifrer/RandomForesr.py
necromuralist/student_intervention,student_intervention/training_and_evaluating.py,,,https://github.com/necromuralist/student_intervention/blob/master/student_intervention/training_and_evaluating.py,https://github.com/necromuralist/student_intervention/blob/master/student_intervention/training_and_evaluating.py
edublancas/sklearn-evaluation,examples/feature_importances.py,,,https://github.com/edublancas/sklearn-evaluation/blob/master/examples/feature_importances.py,https://github.com/edublancas/sklearn-evaluation/blob/master/examples/feature_importances.py
AmrARaouf/StumbleUpon-Classification,classify.py,,,https://github.com/AmrARaouf/StumbleUpon-Classification/blob/master/classify.py,https://github.com/AmrARaouf/StumbleUpon-Classification/blob/master/classify.py
eltonlaw/impyute,impyute/utils/compare.py,,,https://github.com/eltonlaw/impyute/blob/master/impyute/utils/compare.py,https://github.com/eltonlaw/impyute/blob/master/impyute/utils/compare.py
dhermyt/WONS,analysis/textclassification/NltkClassifierFactory.py,,,https://github.com/dhermyt/WONS/blob/master/analysis/textclassification/NltkClassifierFactory.py,https://github.com/dhermyt/WONS/blob/master/analysis/textclassification/NltkClassifierFactory.py
reiinakano/scikit-plot,examples/plot_feature_importances.py,,,https://github.com/reiinakano/scikit-plot/blob/master/examples/plot_feature_importances.py,https://github.com/reiinakano/scikit-plot/blob/master/examples/plot_feature_importances.py
varisd/school,mlfix/scripts/scikit-f_select.py,,,https://github.com/varisd/school/blob/master/mlfix/scripts/scikit-f_select.py,https://github.com/varisd/school/blob/master/mlfix/scripts/scikit-f_select.py
chaluemwut/smcdemo,harvest.py,,,https://github.com/chaluemwut/smcdemo/blob/master/harvest.py,https://github.com/chaluemwut/smcdemo/blob/master/harvest.py
IDEALLab/design_method_recommendation_JMD_2014,paper_experiments.py,,,https://github.com/IDEALLab/design_method_recommendation_JMD_2014/blob/master/paper_experiments.py,https://github.com/IDEALLab/design_method_recommendation_JMD_2014/blob/master/paper_experiments.py
fberanizo/author-profiling,tests/test_age.py,,,https://github.com/fberanizo/author-profiling/blob/master/tests/test_age.py,https://github.com/fberanizo/author-profiling/blob/master/tests/test_age.py
mdegis/machine-learning,004 - AdaBoost + kNN +  Random Forrest/random_forest.py,,,https://github.com/mdegis/machine-learning/blob/master/004 - AdaBoost + kNN +  Random Forrest/random_forest.py,https://github.com/mdegis/machine-learning/blob/master/004 - AdaBoost + kNN +  Random Forrest/random_forest.py
animesharma/Machine-Learning-Movie-Rating-Prediction,DataPreprocessor.py,,,https://github.com/animesharma/Machine-Learning-Movie-Rating-Prediction/blob/master/DataPreprocessor.py,https://github.com/animesharma/Machine-Learning-Movie-Rating-Prediction/blob/master/DataPreprocessor.py
iamharshit/ML_works,Movie Review Analyser/review_analyser.py,,,https://github.com/iamharshit/ML_works/blob/master/Movie Review Analyser/review_analyser.py,https://github.com/iamharshit/ML_works/blob/master/Movie Review Analyser/review_analyser.py
ianlini/feagen,examples/titanic/model.py,,,https://github.com/ianlini/feagen/blob/master/examples/titanic/model.py,https://github.com/ianlini/feagen/blob/master/examples/titanic/model.py
pdamodaran/yellowbrick,tests/test_utils/test_helpers.py,,,https://github.com/pdamodaran/yellowbrick/blob/master/tests/test_utils/test_helpers.py,https://github.com/pdamodaran/yellowbrick/blob/master/tests/test_utils/test_helpers.py
jkeung/yellowbrick,tests/test_utils.py,,,https://github.com/jkeung/yellowbrick/blob/master/tests/test_utils.py,https://github.com/jkeung/yellowbrick/blob/master/tests/test_utils.py
pbrusco/ml-eeg,ml/classification.py,,,https://github.com/pbrusco/ml-eeg/blob/master/ml/classification.py,https://github.com/pbrusco/ml-eeg/blob/master/ml/classification.py
joshpeng/Network-Intrusions-Flask,build_model.py,,,https://github.com/joshpeng/Network-Intrusions-Flask/blob/master/build_model.py,https://github.com/joshpeng/Network-Intrusions-Flask/blob/master/build_model.py
BigDataAnalytics2017/ProjectOTA,Classification_S3.py,,,https://github.com/BigDataAnalytics2017/ProjectOTA/blob/master/Classification_S3.py,https://github.com/BigDataAnalytics2017/ProjectOTA/blob/master/Classification_S3.py
Nathx/subs_check,code/grid_search.py,,,https://github.com/Nathx/subs_check/blob/master/code/grid_search.py,https://github.com/Nathx/subs_check/blob/master/code/grid_search.py
dallascard/guac,core/models/random_forest.py,,,https://github.com/dallascard/guac/blob/master/core/models/random_forest.py,https://github.com/dallascard/guac/blob/master/core/models/random_forest.py
hahnicity/pytrader,pytrader/algorithms/large_move_diff.py,,,https://github.com/hahnicity/pytrader/blob/master/pytrader/algorithms/large_move_diff.py,https://github.com/hahnicity/pytrader/blob/master/pytrader/algorithms/large_move_diff.py
coreyabshire/color-names,Scripts/pscvread.py,,,https://github.com/coreyabshire/color-names/blob/master/Scripts/pscvread.py,https://github.com/coreyabshire/color-names/blob/master/Scripts/pscvread.py
kiankd/events,python/document_predictor.py,,,https://github.com/kiankd/events/blob/master/python/document_predictor.py,https://github.com/kiankd/events/blob/master/python/document_predictor.py
TeamHG-Memex/eli5,tests/test_sklearn_utils.py,,,https://github.com/TeamHG-Memex/eli5/blob/master/tests/test_sklearn_utils.py,https://github.com/TeamHG-Memex/eli5/blob/master/tests/test_sklearn_utils.py
georgetown-analytics/housing-risk,code/prediction/run_models.py,,,https://github.com/georgetown-analytics/housing-risk/blob/master/code/prediction/run_models.py,https://github.com/georgetown-analytics/housing-risk/blob/master/code/prediction/run_models.py
yandex/rep,tests/test_reports.py,,,https://github.com/yandex/rep/blob/master/tests/test_reports.py,https://github.com/yandex/rep/blob/master/tests/test_reports.py
mkery/CS349-roads,Driver_val.py,,,https://github.com/mkery/CS349-roads/blob/master/Driver_val.py,https://github.com/mkery/CS349-roads/blob/master/Driver_val.py
WING-NUS/corpSearch,evaluator.py,,,https://github.com/WING-NUS/corpSearch/blob/master/evaluator.py,https://github.com/WING-NUS/corpSearch/blob/master/evaluator.py
ChristianSch/skml,doc/auto_examples/example_br.py,,,https://github.com/ChristianSch/skml/blob/master/doc/auto_examples/example_br.py,https://github.com/ChristianSch/skml/blob/master/doc/auto_examples/example_br.py
mesgarpour/T-CARER,Stats/TrainingMethod.py,,,https://github.com/mesgarpour/T-CARER/blob/master/Stats/TrainingMethod.py,https://github.com/mesgarpour/T-CARER/blob/master/Stats/TrainingMethod.py
DrigerG/MachineLearning,project/CharRec/RF_CharRec.py,,,https://github.com/DrigerG/MachineLearning/blob/master/project/CharRec/RF_CharRec.py,https://github.com/DrigerG/MachineLearning/blob/master/project/CharRec/RF_CharRec.py
marcotcr/lime,benchmark/table_perf.py,,,https://github.com/marcotcr/lime/blob/master/benchmark/table_perf.py,https://github.com/marcotcr/lime/blob/master/benchmark/table_perf.py
edublancas/sklearn-evaluation,examples/precision_recall.py,,,https://github.com/edublancas/sklearn-evaluation/blob/master/examples/precision_recall.py,https://github.com/edublancas/sklearn-evaluation/blob/master/examples/precision_recall.py
iamharshit/ML_works,template.py,,,https://github.com/iamharshit/ML_works/blob/master/template.py,https://github.com/iamharshit/ML_works/blob/master/template.py
ybayle/ReproducibleResearchIEEE2017,src/classify.py,,,https://github.com/ybayle/ReproducibleResearchIEEE2017/blob/master/src/classify.py,https://github.com/ybayle/ReproducibleResearchIEEE2017/blob/master/src/classify.py
datapolitan/lede_algorithms,class7_1/bill_classifier.py,,,https://github.com/datapolitan/lede_algorithms/blob/master/class7_1/bill_classifier.py,https://github.com/datapolitan/lede_algorithms/blob/master/class7_1/bill_classifier.py
chengsoonong/didbits,CrossVal/classifier.py,,,https://github.com/chengsoonong/didbits/blob/master/CrossVal/classifier.py,https://github.com/chengsoonong/didbits/blob/master/CrossVal/classifier.py
rs93/nytml,classifier_tools.py,,,https://github.com/rs93/nytml/blob/master/classifier_tools.py,https://github.com/rs93/nytml/blob/master/classifier_tools.py
albahnsen/CostSensitiveClassification,costcla/probcal/probcal.py,,,https://github.com/albahnsen/CostSensitiveClassification/blob/master/costcla/probcal/probcal.py,https://github.com/albahnsen/CostSensitiveClassification/blob/master/costcla/probcal/probcal.py
Dencrash/cardiola-server,cardiola_ml/train_ml_model.py,,,https://github.com/Dencrash/cardiola-server/blob/master/cardiola_ml/train_ml_model.py,https://github.com/Dencrash/cardiola-server/blob/master/cardiola_ml/train_ml_model.py
joegomes/deepchem,deepchem/models/tests/test_overfit.py,,,https://github.com/joegomes/deepchem/blob/master/deepchem/models/tests/test_overfit.py,https://github.com/joegomes/deepchem/blob/master/deepchem/models/tests/test_overfit.py
jrabenoit/shopvec,estimators.py,,,https://github.com/jrabenoit/shopvec/blob/master/estimators.py,https://github.com/jrabenoit/shopvec/blob/master/estimators.py
itu-oss-project-team/oss-github-analysis-project,github_analysis_tool/analyzer/classify.py,,,https://github.com/itu-oss-project-team/oss-github-analysis-project/blob/master/github_analysis_tool/analyzer/classify.py,https://github.com/itu-oss-project-team/oss-github-analysis-project/blob/master/github_analysis_tool/analyzer/classify.py
flennerhag/mlens_dev,benchmarks/ensemble_comp.py,,,https://github.com/flennerhag/mlens_dev/blob/master/benchmarks/ensemble_comp.py,https://github.com/flennerhag/mlens_dev/blob/master/benchmarks/ensemble_comp.py
james-jz-zheng/jjzz,ml_test.py,,,https://github.com/james-jz-zheng/jjzz/blob/master/ml_test.py,https://github.com/james-jz-zheng/jjzz/blob/master/ml_test.py
kod3r/sklearn-pmml,sklearn_pmml/convert/test/test_randomForestConverter.py,,,https://github.com/kod3r/sklearn-pmml/blob/master/sklearn_pmml/convert/test/test_randomForestConverter.py,https://github.com/kod3r/sklearn-pmml/blob/master/sklearn_pmml/convert/test/test_randomForestConverter.py
edublancas/sklearn-evaluation,examples/confusion_matrix.py,,,https://github.com/edublancas/sklearn-evaluation/blob/master/examples/confusion_matrix.py,https://github.com/edublancas/sklearn-evaluation/blob/master/examples/confusion_matrix.py
samfu1994/cs838webpage,stage5/src/classification_task.py,,,https://github.com/samfu1994/cs838webpage/blob/master/stage5/src/classification_task.py,https://github.com/samfu1994/cs838webpage/blob/master/stage5/src/classification_task.py
llautert/psychoPYTHON,models.py,,,https://github.com/llautert/psychoPYTHON/blob/master/models.py,https://github.com/llautert/psychoPYTHON/blob/master/models.py
nelfurion/jackson,chatbot/datasets/config.py,,,https://github.com/nelfurion/jackson/blob/master/chatbot/datasets/config.py,https://github.com/nelfurion/jackson/blob/master/chatbot/datasets/config.py
canast02/csci544_fall2016_project,yelp-sentiment/experiments/sentiment_rf.py,,,https://github.com/canast02/csci544_fall2016_project/blob/master/yelp-sentiment/experiments/sentiment_rf.py,https://github.com/canast02/csci544_fall2016_project/blob/master/yelp-sentiment/experiments/sentiment_rf.py
fahadsultan/CausalRelations,Classifier.py,,,https://github.com/fahadsultan/CausalRelations/blob/master/Classifier.py,https://github.com/fahadsultan/CausalRelations/blob/master/Classifier.py
grapesmoker/nba,analysis/prediction.py,,,https://github.com/grapesmoker/nba/blob/master/analysis/prediction.py,https://github.com/grapesmoker/nba/blob/master/analysis/prediction.py
kvistrup/mlfp,framework/workflow/model_loader.py,,,https://github.com/kvistrup/mlfp/blob/master/framework/workflow/model_loader.py,https://github.com/kvistrup/mlfp/blob/master/framework/workflow/model_loader.py
ChristianSch/skml,examples/example_cc.py,,,https://github.com/ChristianSch/skml/blob/master/examples/example_cc.py,https://github.com/ChristianSch/skml/blob/master/examples/example_cc.py
dmytroKarataiev/MachineLearning,learning/ud120-projects/choose_your_own/your_algorithm.py,,,https://github.com/dmytroKarataiev/MachineLearning/blob/master/learning/ud120-projects/choose_your_own/your_algorithm.py,https://github.com/dmytroKarataiev/MachineLearning/blob/master/learning/ud120-projects/choose_your_own/your_algorithm.py
SSYoung/Gender-Census-ANN,random_forest.py,,,https://github.com/SSYoung/Gender-Census-ANN/blob/master/random_forest.py,https://github.com/SSYoung/Gender-Census-ANN/blob/master/random_forest.py
hugolouzada/ImpeachmentPrediction,Prediction/ModelEstimation/ComparisonMultipleModels.py,,,https://github.com/hugolouzada/ImpeachmentPrediction/blob/master/Prediction/ModelEstimation/ComparisonMultipleModels.py,https://github.com/hugolouzada/ImpeachmentPrediction/blob/master/Prediction/ModelEstimation/ComparisonMultipleModels.py
jasonzliang/kick_classifier,classify_old.py,,,https://github.com/jasonzliang/kick_classifier/blob/master/classify_old.py,https://github.com/jasonzliang/kick_classifier/blob/master/classify_old.py
rebeccabilbro/orlo,selection/classi.py,,,https://github.com/rebeccabilbro/orlo/blob/master/selection/classi.py,https://github.com/rebeccabilbro/orlo/blob/master/selection/classi.py
Jay-Jay-D/LeanSTP,Algorithm.Python/PythonPackageTestAlgorithm.py,,,https://github.com/Jay-Jay-D/LeanSTP/blob/master/Algorithm.Python/PythonPackageTestAlgorithm.py,https://github.com/Jay-Jay-D/LeanSTP/blob/master/Algorithm.Python/PythonPackageTestAlgorithm.py
ChristianSch/skml,examples/example_br.py,,,https://github.com/ChristianSch/skml/blob/master/examples/example_br.py,https://github.com/ChristianSch/skml/blob/master/examples/example_br.py
Ambiruptor/Ambiruptor,tests/models_benchmark.py,,,https://github.com/Ambiruptor/Ambiruptor/blob/master/tests/models_benchmark.py,https://github.com/Ambiruptor/Ambiruptor/blob/master/tests/models_benchmark.py
minhouse/python-lesson,glass.py,,,https://github.com/minhouse/python-lesson/blob/master/glass.py,https://github.com/minhouse/python-lesson/blob/master/glass.py
reiinakano/xcessiv,xcessiv/tests/test_functions.py,,,https://github.com/reiinakano/xcessiv/blob/master/xcessiv/tests/test_functions.py,https://github.com/reiinakano/xcessiv/blob/master/xcessiv/tests/test_functions.py
andrewhart098/Lean,Algorithm.Python/PythonPackageTestAlgorithm.py,,,https://github.com/andrewhart098/Lean/blob/master/Algorithm.Python/PythonPackageTestAlgorithm.py,https://github.com/andrewhart098/Lean/blob/master/Algorithm.Python/PythonPackageTestAlgorithm.py
BridgitD/school-dropout-predictions,pipeline/pipeline.py,,,https://github.com/BridgitD/school-dropout-predictions/blob/master/pipeline/pipeline.py,https://github.com/BridgitD/school-dropout-predictions/blob/master/pipeline/pipeline.py
ecgeil/mlworkshop,interactive_ml.py,,,https://github.com/ecgeil/mlworkshop/blob/master/interactive_ml.py,https://github.com/ecgeil/mlworkshop/blob/master/interactive_ml.py
Ninad998/deepstylometry-python,crosslingual/MLModelCreatorWord.py,,,https://github.com/Ninad998/deepstylometry-python/blob/master/crosslingual/MLModelCreatorWord.py,https://github.com/Ninad998/deepstylometry-python/blob/master/crosslingual/MLModelCreatorWord.py
OMNILab/CCFBDC2014,data_process/critical_forecast/prediction.py,,,https://github.com/OMNILab/CCFBDC2014/blob/master/data_process/critical_forecast/prediction.py,https://github.com/OMNILab/CCFBDC2014/blob/master/data_process/critical_forecast/prediction.py
pnisarg/ABSA,src/acd_acs_ml.py,,,https://github.com/pnisarg/ABSA/blob/master/src/acd_acs_ml.py,https://github.com/pnisarg/ABSA/blob/master/src/acd_acs_ml.py
lbn/kaggle,titanic/classifier.py,,,https://github.com/lbn/kaggle/blob/master/titanic/classifier.py,https://github.com/lbn/kaggle/blob/master/titanic/classifier.py
Xindictus/Machine-Learning-Project,classification.py,,,https://github.com/Xindictus/Machine-Learning-Project/blob/master/classification.py,https://github.com/Xindictus/Machine-Learning-Project/blob/master/classification.py
15cm/clothing-classifier,src/classifier/clf_model.py,,,https://github.com/15cm/clothing-classifier/blob/master/src/classifier/clf_model.py,https://github.com/15cm/clothing-classifier/blob/master/src/classifier/clf_model.py
reiinakano/scikit-plot,scikitplot/classifiers.py,,,https://github.com/reiinakano/scikit-plot/blob/master/scikitplot/classifiers.py,https://github.com/reiinakano/scikit-plot/blob/master/scikitplot/classifiers.py
dolphyin/cs194-16-data_manatees,precision_recall.py,,,https://github.com/dolphyin/cs194-16-data_manatees/blob/master/precision_recall.py,https://github.com/dolphyin/cs194-16-data_manatees/blob/master/precision_recall.py
remigius42/code_camp_2017_machine_learning,examples/realWorldMachineLearning/Chapter+4+-+Evaluation+and+Optimization.py,,,https://github.com/remigius42/code_camp_2017_machine_learning/blob/master/examples/realWorldMachineLearning/Chapter+4+-+Evaluation+and+Optimization.py,https://github.com/remigius42/code_camp_2017_machine_learning/blob/master/examples/realWorldMachineLearning/Chapter+4+-+Evaluation+and+Optimization.py
Quadrocube/rep,tests/test_reports.py,,,https://github.com/Quadrocube/rep/blob/master/tests/test_reports.py,https://github.com/Quadrocube/rep/blob/master/tests/test_reports.py
taotaocoule/stock,learn/utils/classify_test.py,,,https://github.com/taotaocoule/stock/blob/master/learn/utils/classify_test.py,https://github.com/taotaocoule/stock/blob/master/learn/utils/classify_test.py
chkoar/imbalanced-learn,imblearn/under_sampling/instance_hardness_threshold.py,,,https://github.com/chkoar/imbalanced-learn/blob/master/imblearn/under_sampling/instance_hardness_threshold.py,https://github.com/chkoar/imbalanced-learn/blob/master/imblearn/under_sampling/instance_hardness_threshold.py
ldamewood/kaggle,revenue/linear.py,,,https://github.com/ldamewood/kaggle/blob/master/revenue/linear.py,https://github.com/ldamewood/kaggle/blob/master/revenue/linear.py
daniaki/ppi_wrangler,recall_precision.py,,,https://github.com/daniaki/ppi_wrangler/blob/master/recall_precision.py,https://github.com/daniaki/ppi_wrangler/blob/master/recall_precision.py
pcomputo/webpage-classifier,classification/classificationSVM.py,,,https://github.com/pcomputo/webpage-classifier/blob/master/classification/classificationSVM.py,https://github.com/pcomputo/webpage-classifier/blob/master/classification/classificationSVM.py
hahnicity/pytrader,pytrader/algorithms/mklearn_test.py,,,https://github.com/hahnicity/pytrader/blob/master/pytrader/algorithms/mklearn_test.py,https://github.com/hahnicity/pytrader/blob/master/pytrader/algorithms/mklearn_test.py
pwinslow/Machine-Learning-Projects,Lepton-Number-Violation-at-100-TeV/Data_Analysis/MLpipeline.py,,,https://github.com/pwinslow/Machine-Learning-Projects/blob/master/Lepton-Number-Violation-at-100-TeV/Data_Analysis/MLpipeline.py,https://github.com/pwinslow/Machine-Learning-Projects/blob/master/Lepton-Number-Violation-at-100-TeV/Data_Analysis/MLpipeline.py
donlnz/nonconformist,nonconformist/evaluation.py,,,https://github.com/donlnz/nonconformist/blob/master/nonconformist/evaluation.py,https://github.com/donlnz/nonconformist/blob/master/nonconformist/evaluation.py
isabellewei/deephealth,data/kyle/validation.py,,,https://github.com/isabellewei/deephealth/blob/master/data/kyle/validation.py,https://github.com/isabellewei/deephealth/blob/master/data/kyle/validation.py
DailyActie/Surrogate-Model,projects/scikit-learn-master/sklearn/feature_selection/tests/test_from_model.py,,,https://github.com/DailyActie/Surrogate-Model/blob/master/projects/scikit-learn-master/sklearn/feature_selection/tests/test_from_model.py,https://github.com/DailyActie/Surrogate-Model/blob/master/projects/scikit-learn-master/sklearn/feature_selection/tests/test_from_model.py
lensacom/sparkit-learn,splearn/ensemble/__init__.py,,,https://github.com/lensacom/sparkit-learn/blob/master/splearn/ensemble/__init__.py,https://github.com/lensacom/sparkit-learn/blob/master/splearn/ensemble/__init__.py
amilcarsj/analytic,analytic/trajectory_manager.py,,,https://github.com/amilcarsj/analytic/blob/master/analytic/trajectory_manager.py,https://github.com/amilcarsj/analytic/blob/master/analytic/trajectory_manager.py
ktaneishi/deepchem,deepchem/models/tests/test_reload.py,,,https://github.com/ktaneishi/deepchem/blob/master/deepchem/models/tests/test_reload.py,https://github.com/ktaneishi/deepchem/blob/master/deepchem/models/tests/test_reload.py
EnsekiTT/kaggle_log,DigitRecognizer/src/digitrecognizer.py,,,https://github.com/EnsekiTT/kaggle_log/blob/master/DigitRecognizer/src/digitrecognizer.py,https://github.com/EnsekiTT/kaggle_log/blob/master/DigitRecognizer/src/digitrecognizer.py
jmausolf/HIV_Status,pipeline/pipeline.py,,,https://github.com/jmausolf/HIV_Status/blob/master/pipeline/pipeline.py,https://github.com/jmausolf/HIV_Status/blob/master/pipeline/pipeline.py
DailyActie/Surrogate-Model,projects/scikit-learn-master/examples/ensemble/plot_forest_iris.py,,,https://github.com/DailyActie/Surrogate-Model/blob/master/projects/scikit-learn-master/examples/ensemble/plot_forest_iris.py,https://github.com/DailyActie/Surrogate-Model/blob/master/projects/scikit-learn-master/examples/ensemble/plot_forest_iris.py
ChristianSch/skml,doc/auto_examples/example_lp.py,,,https://github.com/ChristianSch/skml/blob/master/doc/auto_examples/example_lp.py,https://github.com/ChristianSch/skml/blob/master/doc/auto_examples/example_lp.py
jjerphan/SY32FacialRecognition,toto.py,,,https://github.com/jjerphan/SY32FacialRecognition/blob/master/toto.py,https://github.com/jjerphan/SY32FacialRecognition/blob/master/toto.py
georgetown-analytics/housing-risk,code/tests/test_prediction.py,,,https://github.com/georgetown-analytics/housing-risk/blob/master/code/tests/test_prediction.py,https://github.com/georgetown-analytics/housing-risk/blob/master/code/tests/test_prediction.py
ceholden/yatsm,tests/conftest.py,,,https://github.com/ceholden/yatsm/blob/master/tests/conftest.py,https://github.com/ceholden/yatsm/blob/master/tests/conftest.py
peastman/deepchem,deepchem/models/tests/test_reload.py,,,https://github.com/peastman/deepchem/blob/master/deepchem/models/tests/test_reload.py,https://github.com/peastman/deepchem/blob/master/deepchem/models/tests/test_reload.py
alexrudnick/chipa,src/clwsd_experiment.py,,,https://github.com/alexrudnick/chipa/blob/master/src/clwsd_experiment.py,https://github.com/alexrudnick/chipa/blob/master/src/clwsd_experiment.py
vkuznet/rep,tests/test_factory.py,,,https://github.com/vkuznet/rep/blob/master/tests/test_factory.py,https://github.com/vkuznet/rep/blob/master/tests/test_factory.py
czhroailsky/csv_table_ngram,factors_model_comparison.py,,,https://github.com/czhroailsky/csv_table_ngram/blob/master/factors_model_comparison.py,https://github.com/czhroailsky/csv_table_ngram/blob/master/factors_model_comparison.py
cocoaaa/ml_gesture,simpleBatch_v1.py,,,https://github.com/cocoaaa/ml_gesture/blob/master/simpleBatch_v1.py,https://github.com/cocoaaa/ml_gesture/blob/master/simpleBatch_v1.py
sulantha2006/Conversion,Python/RUSRandomForest/runRUSRFC.py,,,https://github.com/sulantha2006/Conversion/blob/master/Python/RUSRandomForest/runRUSRFC.py,https://github.com/sulantha2006/Conversion/blob/master/Python/RUSRandomForest/runRUSRFC.py
alexrudnick/chipa,src/clwsd_experiment_embeddings.py,,,https://github.com/alexrudnick/chipa/blob/master/src/clwsd_experiment_embeddings.py,https://github.com/alexrudnick/chipa/blob/master/src/clwsd_experiment_embeddings.py
egaus/MaliciousMacroBot,mmbot/mmbot.py,,,https://github.com/egaus/MaliciousMacroBot/blob/master/mmbot/mmbot.py,https://github.com/egaus/MaliciousMacroBot/blob/master/mmbot/mmbot.py
seokjunbing/cs75,src/models/random_forest.py,,,https://github.com/seokjunbing/cs75/blob/master/src/models/random_forest.py,https://github.com/seokjunbing/cs75/blob/master/src/models/random_forest.py
nglrt/virtual_energy_sensor,energy_models/mike/run_eval.py,,,https://github.com/nglrt/virtual_energy_sensor/blob/master/energy_models/mike/run_eval.py,https://github.com/nglrt/virtual_energy_sensor/blob/master/energy_models/mike/run_eval.py
minhouse/python-lesson,src/python-lesson/glass.py,,,https://github.com/minhouse/python-lesson/blob/master/src/python-lesson/glass.py,https://github.com/minhouse/python-lesson/blob/master/src/python-lesson/glass.py
ricsoncheng/sarcasm_machine,baseline.py,,,https://github.com/ricsoncheng/sarcasm_machine/blob/master/baseline.py,https://github.com/ricsoncheng/sarcasm_machine/blob/master/baseline.py
Nathx/parental_advisory_ml,code/grid_search/grid_search.py,,,https://github.com/Nathx/parental_advisory_ml/blob/master/code/grid_search/grid_search.py,https://github.com/Nathx/parental_advisory_ml/blob/master/code/grid_search/grid_search.py
xenx/recommendation_system,models/nmf_model.py,,,https://github.com/xenx/recommendation_system/blob/master/models/nmf_model.py,https://github.com/xenx/recommendation_system/blob/master/models/nmf_model.py
fukatani/stacked_generalization,stacked_generalization/lib/test/test.py,,,https://github.com/fukatani/stacked_generalization/blob/master/stacked_generalization/lib/test/test.py,https://github.com/fukatani/stacked_generalization/blob/master/stacked_generalization/lib/test/test.py
xenx/recommendation_system,models/hybrid_model.py,,,https://github.com/xenx/recommendation_system/blob/master/models/hybrid_model.py,https://github.com/xenx/recommendation_system/blob/master/models/hybrid_model.py
ysh329/Titanic-Machine-Learning-from-Disaster,Titanic/class_create_model_of_random_forest.py,,,https://github.com/ysh329/Titanic-Machine-Learning-from-Disaster/blob/master/Titanic/class_create_model_of_random_forest.py,https://github.com/ysh329/Titanic-Machine-Learning-from-Disaster/blob/master/Titanic/class_create_model_of_random_forest.py
reiinakano/scikit-plot,scikitplot/tests/test_classifiers.py,,,https://github.com/reiinakano/scikit-plot/blob/master/scikitplot/tests/test_classifiers.py,https://github.com/reiinakano/scikit-plot/blob/master/scikitplot/tests/test_classifiers.py
madjelan/CostSensitiveClassification,costcla/probcal/probcal.py,,,https://github.com/madjelan/CostSensitiveClassification/blob/master/costcla/probcal/probcal.py,https://github.com/madjelan/CostSensitiveClassification/blob/master/costcla/probcal/probcal.py
iamharshit/ML_works,Virus Detector/learn.py,,,https://github.com/iamharshit/ML_works/blob/master/Virus Detector/learn.py,https://github.com/iamharshit/ML_works/blob/master/Virus Detector/learn.py
adamewing/tebreak,scripts/autofilter.py,,,https://github.com/adamewing/tebreak/blob/master/scripts/autofilter.py,https://github.com/adamewing/tebreak/blob/master/scripts/autofilter.py
ChristianSch/skml,examples/example_lp.py,,,https://github.com/ChristianSch/skml/blob/master/examples/example_lp.py,https://github.com/ChristianSch/skml/blob/master/examples/example_lp.py
nixingyang/Kaggle-Competitions,Face Verification/Extra/Difference Measure/Feature_Selection.py,,,https://github.com/nixingyang/Kaggle-Competitions/blob/master/Face Verification/Extra/Difference Measure/Feature_Selection.py,https://github.com/nixingyang/Kaggle-Competitions/blob/master/Face Verification/Extra/Difference Measure/Feature_Selection.py
cskyan/chmannot,bin/chm_annot.py,,,https://github.com/cskyan/chmannot/blob/master/bin/chm_annot.py,https://github.com/cskyan/chmannot/blob/master/bin/chm_annot.py
Hironsan/HotPepperGourmetDialogue,modules/LanguageUnderstanding/DialogueActType/predictor.py,,,https://github.com/Hironsan/HotPepperGourmetDialogue/blob/master/modules/LanguageUnderstanding/DialogueActType/predictor.py,https://github.com/Hironsan/HotPepperGourmetDialogue/blob/master/modules/LanguageUnderstanding/DialogueActType/predictor.py
seokjunbing/cs75,src/ml/random_forest.py,,,https://github.com/seokjunbing/cs75/blob/master/src/ml/random_forest.py,https://github.com/seokjunbing/cs75/blob/master/src/ml/random_forest.py
chavdim/amazon_comments,analisys/random_forest_classifier.py,,,https://github.com/chavdim/amazon_comments/blob/master/analisys/random_forest_classifier.py,https://github.com/chavdim/amazon_comments/blob/master/analisys/random_forest_classifier.py
edublancas/sklearn-evaluation,examples/validation_curve.py,,,https://github.com/edublancas/sklearn-evaluation/blob/master/examples/validation_curve.py,https://github.com/edublancas/sklearn-evaluation/blob/master/examples/validation_curve.py
anaderi/lhcb_trigger_ml,tests/test_expclassifiers.py,,,https://github.com/anaderi/lhcb_trigger_ml/blob/master/tests/test_expclassifiers.py,https://github.com/anaderi/lhcb_trigger_ml/blob/master/tests/test_expclassifiers.py
max-ionov/russian-anaphora,anaphoramllib.py,,,https://github.com/max-ionov/russian-anaphora/blob/master/anaphoramllib.py,https://github.com/max-ionov/russian-anaphora/blob/master/anaphoramllib.py
netssfy/kaggle-lab,titanic/my.py,,,https://github.com/netssfy/kaggle-lab/blob/master/titanic/my.py,https://github.com/netssfy/kaggle-lab/blob/master/titanic/my.py
tdopires/forest-cover-group6,classifiers/random_forest.py,,,https://github.com/tdopires/forest-cover-group6/blob/master/classifiers/random_forest.py,https://github.com/tdopires/forest-cover-group6/blob/master/classifiers/random_forest.py
wgm2111/wgm-kaggle,poker/random_forest.py,,,https://github.com/wgm2111/wgm-kaggle/blob/master/poker/random_forest.py,https://github.com/wgm2111/wgm-kaggle/blob/master/poker/random_forest.py
timothymiko/CarAuctionEvaluator,main.py,,,https://github.com/timothymiko/CarAuctionEvaluator/blob/master/main.py,https://github.com/timothymiko/CarAuctionEvaluator/blob/master/main.py
SAGridOps/SoftwareTests,scikit-learn/classifiersTest.py,,,https://github.com/SAGridOps/SoftwareTests/blob/master/scikit-learn/classifiersTest.py,https://github.com/SAGridOps/SoftwareTests/blob/master/scikit-learn/classifiersTest.py
BhavyaLight/kaggle-predicting-Red-Hat-Business-Value,preprocessing/feature selection.py,,,https://github.com/BhavyaLight/kaggle-predicting-Red-Hat-Business-Value/blob/master/preprocessing/feature selection.py,https://github.com/BhavyaLight/kaggle-predicting-Red-Hat-Business-Value/blob/master/preprocessing/feature selection.py
WING-NUS/corpSearch,config.py,,,https://github.com/WING-NUS/corpSearch/blob/master/config.py,https://github.com/WING-NUS/corpSearch/blob/master/config.py
hunzikp/map-classification,character_classifier.py,,,https://github.com/hunzikp/map-classification/blob/master/character_classifier.py,https://github.com/hunzikp/map-classification/blob/master/character_classifier.py
hmeine/pdfdecanter,pdf_decanter/decomposer.py,,,https://github.com/hmeine/pdfdecanter/blob/master/pdf_decanter/decomposer.py,https://github.com/hmeine/pdfdecanter/blob/master/pdf_decanter/decomposer.py
siddharthhparikh/INFM750-project,zipcode_classifications.py,,,https://github.com/siddharthhparikh/INFM750-project/blob/master/zipcode_classifications.py,https://github.com/siddharthhparikh/INFM750-project/blob/master/zipcode_classifications.py
fberanizo/author-profiling,tests/test_gender.py,,,https://github.com/fberanizo/author-profiling/blob/master/tests/test_gender.py,https://github.com/fberanizo/author-profiling/blob/master/tests/test_gender.py
Sunhick/music-cognita,src/genre_classification.py,,,https://github.com/Sunhick/music-cognita/blob/master/src/genre_classification.py,https://github.com/Sunhick/music-cognita/blob/master/src/genre_classification.py
sdsingh/e-mission-server,CFC_DataCollector/modeinfer/pipeline.py,,,https://github.com/sdsingh/e-mission-server/blob/master/CFC_DataCollector/modeinfer/pipeline.py,https://github.com/sdsingh/e-mission-server/blob/master/CFC_DataCollector/modeinfer/pipeline.py
paolo-torres/Sign-Language-Translator,score_classifiers.py,,,https://github.com/paolo-torres/Sign-Language-Translator/blob/master/score_classifiers.py,https://github.com/paolo-torres/Sign-Language-Translator/blob/master/score_classifiers.py
sjyk/activedetect,exampleExperiment.py,,,https://github.com/sjyk/activedetect/blob/master/exampleExperiment.py,https://github.com/sjyk/activedetect/blob/master/exampleExperiment.py
Glavin001/IssueBot,src/classifier/classifier.py,,,https://github.com/Glavin001/IssueBot/blob/master/src/classifier/classifier.py,https://github.com/Glavin001/IssueBot/blob/master/src/classifier/classifier.py
albahnsen/CostSensitiveClassification,costcla/models/cost_ensemble.py,,,https://github.com/albahnsen/CostSensitiveClassification/blob/master/costcla/models/cost_ensemble.py,https://github.com/albahnsen/CostSensitiveClassification/blob/master/costcla/models/cost_ensemble.py
deepanjanroy/aml3,experiment_logs/first_submission_logs.py,,,https://github.com/deepanjanroy/aml3/blob/master/experiment_logs/first_submission_logs.py,https://github.com/deepanjanroy/aml3/blob/master/experiment_logs/first_submission_logs.py
imironica/Fraud-Detection-System,FraudDetection.ML/TransactionEngine/test.py,,,https://github.com/imironica/Fraud-Detection-System/blob/master/FraudDetection.ML/TransactionEngine/test.py,https://github.com/imironica/Fraud-Detection-System/blob/master/FraudDetection.ML/TransactionEngine/test.py
Kaggle/docker-python,test_build.py,,,https://github.com/Kaggle/docker-python/blob/master/test_build.py,https://github.com/Kaggle/docker-python/blob/master/test_build.py
eusebioaguilera/cvsamples,handwriting_recognition/main.py,,,https://github.com/eusebioaguilera/cvsamples/blob/master/handwriting_recognition/main.py,https://github.com/eusebioaguilera/cvsamples/blob/master/handwriting_recognition/main.py
ChristianSch/skml,doc/auto_examples/example_ecc.py,,,https://github.com/ChristianSch/skml/blob/master/doc/auto_examples/example_ecc.py,https://github.com/ChristianSch/skml/blob/master/doc/auto_examples/example_ecc.py
reiinakano/scikit-plot,examples/plot_confusion_matrix.py,,,https://github.com/reiinakano/scikit-plot/blob/master/examples/plot_confusion_matrix.py,https://github.com/reiinakano/scikit-plot/blob/master/examples/plot_confusion_matrix.py
ZwEin27/digoie-annotation,digoie/core/ml/classifier/mla/random_forest.py,,,https://github.com/ZwEin27/digoie-annotation/blob/master/digoie/core/ml/classifier/mla/random_forest.py,https://github.com/ZwEin27/digoie-annotation/blob/master/digoie/core/ml/classifier/mla/random_forest.py
kvpradap/magellan-v0.0,magellan/matcher/ml_matcher.py,,,https://github.com/kvpradap/magellan-v0.0/blob/master/magellan/matcher/ml_matcher.py,https://github.com/kvpradap/magellan-v0.0/blob/master/magellan/matcher/ml_matcher.py
renhaocui/ensembleTopic,ensembleBaselines.py,,,https://github.com/renhaocui/ensembleTopic/blob/master/ensembleBaselines.py,https://github.com/renhaocui/ensembleTopic/blob/master/ensembleBaselines.py
ghl3/bamboo,tests/test_modeling.py,,,https://github.com/ghl3/bamboo/blob/master/tests/test_modeling.py,https://github.com/ghl3/bamboo/blob/master/tests/test_modeling.py
VincentHPD/VincentAI,main.py,,,https://github.com/VincentHPD/VincentAI/blob/master/main.py,https://github.com/VincentHPD/VincentAI/blob/master/main.py
fridiculous/django-estimators,estimators/tests/factories.py,,,https://github.com/fridiculous/django-estimators/blob/master/estimators/tests/factories.py,https://github.com/fridiculous/django-estimators/blob/master/estimators/tests/factories.py
bartekpi/rps,rps.py,,,https://github.com/bartekpi/rps/blob/master/rps.py,https://github.com/bartekpi/rps/blob/master/rps.py
lingcheng99/kagge-digit-recognition,randomforest.py,,,https://github.com/lingcheng99/kagge-digit-recognition/blob/master/randomforest.py,https://github.com/lingcheng99/kagge-digit-recognition/blob/master/randomforest.py
ktaneishi/deepchem,deepchem/models/tests/test_overfit.py,,,https://github.com/ktaneishi/deepchem/blob/master/deepchem/models/tests/test_overfit.py,https://github.com/ktaneishi/deepchem/blob/master/deepchem/models/tests/test_overfit.py
Neurita/bamboo,bamboo/classification.py,,,https://github.com/Neurita/bamboo/blob/master/bamboo/classification.py,https://github.com/Neurita/bamboo/blob/master/bamboo/classification.py
doordash/auto_ml,auto_ml/utils_models.py,,,https://github.com/doordash/auto_ml/blob/master/auto_ml/utils_models.py,https://github.com/doordash/auto_ml/blob/master/auto_ml/utils_models.py
rbharath/deepchem,deepchem/models/tests/test_reload.py,,,https://github.com/rbharath/deepchem/blob/master/deepchem/models/tests/test_reload.py,https://github.com/rbharath/deepchem/blob/master/deepchem/models/tests/test_reload.py
wbap/BriCA1,python/examples/sklearn/svc_vs_rfc.py,,,https://github.com/wbap/BriCA1/blob/master/python/examples/sklearn/svc_vs_rfc.py,https://github.com/wbap/BriCA1/blob/master/python/examples/sklearn/svc_vs_rfc.py
ddboline/kaggle_facebook_recruiting_human_or_bot,my_model.py,,,https://github.com/ddboline/kaggle_facebook_recruiting_human_or_bot/blob/master/my_model.py,https://github.com/ddboline/kaggle_facebook_recruiting_human_or_bot/blob/master/my_model.py
austinjalexander/sandbox,python/py/quant/avg_clf_train.py,,,https://github.com/austinjalexander/sandbox/blob/master/python/py/quant/avg_clf_train.py,https://github.com/austinjalexander/sandbox/blob/master/python/py/quant/avg_clf_train.py
bowenliu16/deepchem,deepchem/models/tests/test_overfit.py,,,https://github.com/bowenliu16/deepchem/blob/master/deepchem/models/tests/test_overfit.py,https://github.com/bowenliu16/deepchem/blob/master/deepchem/models/tests/test_overfit.py
georgetown-analytics/housing-risk,presentation/code_snippets.py,,,https://github.com/georgetown-analytics/housing-risk/blob/master/presentation/code_snippets.py,https://github.com/georgetown-analytics/housing-risk/blob/master/presentation/code_snippets.py
pdamodaran/yellowbrick,tests/test_utils/test_types.py,,,https://github.com/pdamodaran/yellowbrick/blob/master/tests/test_utils/test_types.py,https://github.com/pdamodaran/yellowbrick/blob/master/tests/test_utils/test_types.py
SoimulPatriei/TMCleaner,TrainModels.py,,,https://github.com/SoimulPatriei/TMCleaner/blob/master/TrainModels.py,https://github.com/SoimulPatriei/TMCleaner/blob/master/TrainModels.py
jamestwhedbee/diogenes,tests/test_utils.py,,,https://github.com/jamestwhedbee/diogenes/blob/master/tests/test_utils.py,https://github.com/jamestwhedbee/diogenes/blob/master/tests/test_utils.py
nelango/ViralityAnalysis,src/main/python/RFwithPCA.py,,,https://github.com/nelango/ViralityAnalysis/blob/master/src/main/python/RFwithPCA.py,https://github.com/nelango/ViralityAnalysis/blob/master/src/main/python/RFwithPCA.py
algomaus/PAEC,src/python/blackbox.py,,,https://github.com/algomaus/PAEC/blob/master/src/python/blackbox.py,https://github.com/algomaus/PAEC/blob/master/src/python/blackbox.py
sdvillal/whatami,whatami/wrappers/tests/test_what_sklearn.py,,,https://github.com/sdvillal/whatami/blob/master/whatami/wrappers/tests/test_what_sklearn.py,https://github.com/sdvillal/whatami/blob/master/whatami/wrappers/tests/test_what_sklearn.py
andretadeu/jhu-immuno,code/logRegrRF.py,,,https://github.com/andretadeu/jhu-immuno/blob/master/code/logRegrRF.py,https://github.com/andretadeu/jhu-immuno/blob/master/code/logRegrRF.py
ducminhkhoi/PrecipitationPrediction,predict_onto.py,,,https://github.com/ducminhkhoi/PrecipitationPrediction/blob/master/predict_onto.py,https://github.com/ducminhkhoi/PrecipitationPrediction/blob/master/predict_onto.py
anmolshkl/oppia-ml,random_forest.py,,,https://github.com/anmolshkl/oppia-ml/blob/master/random_forest.py,https://github.com/anmolshkl/oppia-ml/blob/master/random_forest.py
belkhir-nacim/smac_python,examples/sklearn_example.py,,,https://github.com/belkhir-nacim/smac_python/blob/master/examples/sklearn_example.py,https://github.com/belkhir-nacim/smac_python/blob/master/examples/sklearn_example.py
RomainBrault/OVFM,ForestCoverType/forestcovertype.py,,,https://github.com/RomainBrault/OVFM/blob/master/ForestCoverType/forestcovertype.py,https://github.com/RomainBrault/OVFM/blob/master/ForestCoverType/forestcovertype.py
mdeff/ntds_2016,project/reports/stock_market/myutil.py,,,https://github.com/mdeff/ntds_2016/blob/master/project/reports/stock_market/myutil.py,https://github.com/mdeff/ntds_2016/blob/master/project/reports/stock_market/myutil.py
tian-zhou/Surgical-Instrument-Dataset,code only split/InstrumentRecognition/InstrumentRecognition.py,,,https://github.com/tian-zhou/Surgical-Instrument-Dataset/blob/master/code only split/InstrumentRecognition/InstrumentRecognition.py,https://github.com/tian-zhou/Surgical-Instrument-Dataset/blob/master/code only split/InstrumentRecognition/InstrumentRecognition.py
rosspalmer/DataTools,depr/0.2.5/examples/bank_demo.py,,,https://github.com/rosspalmer/DataTools/blob/master/depr/0.2.5/examples/bank_demo.py,https://github.com/rosspalmer/DataTools/blob/master/depr/0.2.5/examples/bank_demo.py
chaluemwut/smcdemo,demo_filter.py,,,https://github.com/chaluemwut/smcdemo/blob/master/demo_filter.py,https://github.com/chaluemwut/smcdemo/blob/master/demo_filter.py
christobal54/aei-grad-school,bin/mosquito-plot-histograms.py,,,https://github.com/christobal54/aei-grad-school/blob/master/bin/mosquito-plot-histograms.py,https://github.com/christobal54/aei-grad-school/blob/master/bin/mosquito-plot-histograms.py
peterwilliams97/prince,explore.py,,,https://github.com/peterwilliams97/prince/blob/master/explore.py,https://github.com/peterwilliams97/prince/blob/master/explore.py
siddharthhparikh/INFM750-project,randomforest_1.py,,,https://github.com/siddharthhparikh/INFM750-project/blob/master/randomforest_1.py,https://github.com/siddharthhparikh/INFM750-project/blob/master/randomforest_1.py
ldamewood/kaggle,revenue/rf.py,,,https://github.com/ldamewood/kaggle/blob/master/revenue/rf.py,https://github.com/ldamewood/kaggle/blob/master/revenue/rf.py
sandias42/mlware,walter/basic_classify.py,,,https://github.com/sandias42/mlware/blob/master/walter/basic_classify.py,https://github.com/sandias42/mlware/blob/master/walter/basic_classify.py
madjelan/CostSensitiveClassification,costcla/models/cost_ensemble.py,,,https://github.com/madjelan/CostSensitiveClassification/blob/master/costcla/models/cost_ensemble.py,https://github.com/madjelan/CostSensitiveClassification/blob/master/costcla/models/cost_ensemble.py
nrpeterson/mse-closure-predictor,crossvalidate.py,,,https://github.com/nrpeterson/mse-closure-predictor/blob/master/crossvalidate.py,https://github.com/nrpeterson/mse-closure-predictor/blob/master/crossvalidate.py
fridiculous/django-estimators,estimators/tests/test_evaluations.py,,,https://github.com/fridiculous/django-estimators/blob/master/estimators/tests/test_evaluations.py,https://github.com/fridiculous/django-estimators/blob/master/estimators/tests/test_evaluations.py
edublancas/sklearn-evaluation,examples/generate_report.py,,,https://github.com/edublancas/sklearn-evaluation/blob/master/examples/generate_report.py,https://github.com/edublancas/sklearn-evaluation/blob/master/examples/generate_report.py
DeadlyApps/SDTIG_Machine-Learning-Examples,iris_prediction.py,,,https://github.com/DeadlyApps/SDTIG_Machine-Learning-Examples/blob/master/iris_prediction.py,https://github.com/DeadlyApps/SDTIG_Machine-Learning-Examples/blob/master/iris_prediction.py
lukas/ml-class,test-algorithm-cross-validation-rf.py,,,https://github.com/lukas/ml-class/blob/master/test-algorithm-cross-validation-rf.py,https://github.com/lukas/ml-class/blob/master/test-algorithm-cross-validation-rf.py
timothymiko/CarAuctionEvaluator,analysis/analysis.py,,,https://github.com/timothymiko/CarAuctionEvaluator/blob/master/analysis/analysis.py,https://github.com/timothymiko/CarAuctionEvaluator/blob/master/analysis/analysis.py
cocoaaa/ml_gesture,simpleBatch_v2.py,,,https://github.com/cocoaaa/ml_gesture/blob/master/simpleBatch_v2.py,https://github.com/cocoaaa/ml_gesture/blob/master/simpleBatch_v2.py
aburkard/501proj,scripts/CaryLou_projectpart2_chidata.py,,,https://github.com/aburkard/501proj/blob/master/scripts/CaryLou_projectpart2_chidata.py,https://github.com/aburkard/501proj/blob/master/scripts/CaryLou_projectpart2_chidata.py
rupakc/Kaggle---What-s-Cooking,KaggleCookingComparison.py,,,https://github.com/rupakc/Kaggle---What-s-Cooking/blob/master/KaggleCookingComparison.py,https://github.com/rupakc/Kaggle---What-s-Cooking/blob/master/KaggleCookingComparison.py